{
  "time": 7012,
  "resources": {
    "water": {
      "balance": 6466.774053813426,
      "supplied": 20544.77405381345
    },
    "mineral": {
      "balance": 1687.8028297589583,
      "supplied": 3776.8028297589717
    },
    "credits": {
      "balance": 6538.65871199046,
      "supplied": 7038.65871199046
    }
  },
  "effects": [
    "BNK1268",
    "BNK1269",
    "BNK1270",
    "BNK1271",
    "BNK1272",
    "BNK1273",
    "BNK1274",
    "BNK1275",
    "BNK1276",
    "BNK1277",
    "BNK1278",
    "BNK1279",
    "BNK1280",
    "BNK1281",
    "BNK1282",
    "BNK1283",
    "BNK1284",
    "BNK1285",
    "BNK1286",
    "BNK1287",
    "BNK1288",
    "BNK1289",
    "BNK1290",
    "BNK1291",
    "BNK1292",
    "BNK1293",
    "BNK1294",
    "BNK1295",
    "BNK1296",
    "BNK1297",
    "BNK1298",
    "BNK1299",
    "BNK1300",
    "BNK1301",
    "BNK1302",
    "BNK1303",
    "BNK1304",
    "BNK1305",
    "BNK1306",
    "BNK1307",
    "BNK1308",
    "BNK1309",
    "BNK1310",
    "BNK1311",
    "BNK1312",
    "BNK1313",
    "BNK1314",
    "BNK1315",
    "BNK1316",
    "BNK1317",
    "BNK1318",
    "BNK1319",
    "BNK1320",
    "BNK1321",
    "BNK1322",
    "BNK1323",
    "BNK1324",
    "BNK1325",
    "BNK1326",
    "BNK1327",
    "BNK1328",
    "BNK1329",
    "BNK1330",
    "BNK1331",
    "BNK1332",
    "BNK1333",
    "BNK1334",
    "BNK1335",
    "BNK1336",
    "BNK1337",
    "BNK1338",
    "BNK1339",
    "BNK1340",
    "BNK1341",
    "BNK1342",
    "BNK1343",
    "BNK1344",
    "BNK1345",
    "BNK1346",
    "BNK1347",
    "BNK1348",
    "BNK1349",
    "BNK1350",
    "BNK1351",
    "BNK1352",
    "BNK1353",
    "BNK1354",
    "BNK1355",
    "BNK1356",
    "BNK1357",
    "BNK1358",
    "BNK1359",
    "BNK1360",
    "BNK1361",
    "BNK1362",
    "BNK1363",
    "BNK1364",
    "BNK1365",
    "BNK1366",
    "BNK1367",
    "BNK1368",
    "BNK1369",
    "BNK1370",
    "BNK1371",
    "BNK1372",
    "BNK1373",
    "BNK1374",
    "BNK1375",
    "BNK1376",
    "BNK1377",
    "BNK1378",
    "BNK1379",
    "BNK1380",
    "BNK1381",
    "BNK1382",
    "BNK1383",
    "BNK1384",
    "BNK1385",
    "BNK1386",
    "BNK1387",
    "BNK1388",
    "BNK1389",
    "BNK1390",
    "BNK1391",
    "BNK1392",
    "BNK1393",
    "BNK1394",
    "BNK1395",
    "BNK1396",
    "BNK1397",
    "BNK1398",
    "BNK1399",
    "BNK1400",
    "BNK1401",
    "BNK1402",
    "BNK1403",
    "BNK1404",
    "BNK1405",
    "BNK1406",
    "BNK1407",
    "BNK1408",
    "BNK1409",
    "BNK1410",
    "BNK1411",
    "BNK1412",
    "BNK1413",
    "BNK1414",
    "BNK1415",
    "BNK1416",
    "BNK1417",
    "BNK1418",
    "BNK1419",
    "BNK1420",
    "BNK1421",
    "BNK1422",
    "BNK1423",
    "BNK1424",
    "BNK1425",
    "BNK1426",
    "BNK1427",
    "BNK1428",
    "BNK1429",
    "BNK1430",
    "BNK1431",
    "BNK1432",
    "BNK1433",
    "BNK1434",
    "BNK1435",
    "BNK1436",
    "BNK1437",
    "BNK1438",
    "BNK1439",
    "BNK1440",
    "BNK1441",
    "BNK1442",
    "BNK1443",
    "BNK1444",
    "BNK1445",
    "BNK1446",
    "BNK1447",
    "BNK1448",
    "BNK1449",
    "BNK1450",
    "BNK1451",
    "BNK1452",
    "BNK1453",
    "BNK1454",
    "BNK1455",
    "BNK1456",
    "BNK1457",
    "BNK1458",
    "BNK1459",
    "BNK1460",
    "BNK1461",
    "BNK1462",
    "BNK1463",
    "BNK1464",
    "BNK1465",
    "BNK1466",
    "BNK1467",
    "BNK1468",
    "BNK1469",
    "BNK1470",
    "BNK1471",
    "BNK1472",
    "BNK1473",
    "BNK1474",
    "BNK1475",
    "BNK1476",
    "BNK1477",
    "BNK1478",
    "BNK1479",
    "BNK1480",
    "BNK1481",
    "BNK1482",
    "BNK1483",
    "BNK1484",
    "BNK1485",
    "BNK1486",
    "BNK1487",
    "BNK1488",
    "BNK1489",
    "BNK1490",
    "BNK1491",
    "BNK1492",
    "BNK1493",
    "BNK1494",
    "BNK1495",
    "BNK1496",
    "BNK1497",
    "BNK1498",
    "BNK1499",
    "BNK1500",
    "BNK1501",
    "BNK1502",
    "BNK1503",
    "BNK1504",
    "BNK1505",
    "BNK1506",
    "BNK1507",
    "BNK1508",
    "BNK1509",
    "BNK1510",
    "BNK1511",
    "BNK1512",
    "BNK1513",
    "BNK1514",
    "BNK1515",
    "BNK1516",
    "BNK1517",
    "BNK1518",
    "BNK1519",
    "BNK1520",
    "BNK1521",
    "BNK1522",
    "BNK1523",
    "BNK1524",
    "BNK1525",
    "BNK1526",
    "BNK1527",
    "BNK1528",
    "BNK1529",
    "BNK1530",
    "BNK1531",
    "BNK1532",
    "BNK1533",
    "BNK1534",
    "BNK1535",
    "BNK1536",
    "BNK1537",
    "BNK1538",
    "BNK1539",
    "BNK1540",
    "BNK1541",
    "BNK1542",
    "BNK1543",
    "BNK1544",
    "BNK1545",
    "BNK1546",
    "BNK1547",
    "BNK1548",
    "BNK1549",
    "BNK1550",
    "BNK1551",
    "BNK1552",
    "BNK1553",
    "BNK1554",
    "BNK1555",
    "BNK1556",
    "BNK1557",
    "BNK1558",
    "BNK1559",
    "BNK1560",
    "BNK1561",
    "BNK1562",
    "BNK1563",
    "BNK1564",
    "BNK1565",
    "BNK1566",
    "BNK1567",
    "BNK1568",
    "BNK1569",
    "BNK1570",
    "BNK1571",
    "BNK1572",
    "BNK1573",
    "BNK1574",
    "BNK1575",
    "BNK1576",
    "BNK1577",
    "BNK1578",
    "BNK1579",
    "BNK1580",
    "BNK1581",
    "BNK1582",
    "BNK1583",
    "BNK1584",
    "BNK1585",
    "BNK1586",
    "BNK1587",
    "BNK1588",
    "BNK1589",
    "BNK1590",
    "BNK1591",
    "BNK1592",
    "BNK1593",
    "BNK1594",
    "BNK1595",
    "BNK1596",
    "BNK1597",
    "BNK1598",
    "BNK1599",
    "BNK1600",
    "BNK1601",
    "BNK1602",
    "BNK1603",
    "BNK1604",
    "BNK1605",
    "BNK1606",
    "BNK1607",
    "BNK1608",
    "BNK1609",
    "BNK1610",
    "BNK1611",
    "BNK1612",
    "BNK1613",
    "BNK1614",
    "BNK1615",
    "BNK1616",
    "BNK1617",
    "BNK1618",
    "BNK1741",
    "BNK1742",
    "BNK1743",
    "BNK1744",
    "BNK1745",
    "BNK1746",
    "BNK1747",
    "BNK1748",
    "BNK1749",
    "BNK1750",
    "BNK1751",
    "BNK1752",
    "BNK1753",
    "BNK1754",
    "BNK1755",
    "BNK1756",
    "BNK1757",
    "BNK1758",
    "BNK1759",
    "BNK1760",
    "BNK1761",
    "BNK1762",
    "BNK1763",
    "BNK1764",
    "BNK1765",
    "BNK1766",
    "BNK1767",
    "BNK1768",
    "BNK1769",
    "BNK1770",
    "BNK1771",
    "BNK1772",
    "BNK1773",
    "BNK1774",
    "BNK1775",
    "BNK1776",
    "BNK1777",
    "BNK1778",
    "BNK1779",
    "BNK1780",
    "BNK1781",
    "BNK1782",
    "BNK1783",
    "BNK1784",
    "BNK1785",
    "BNK1786",
    "BNK1787",
    "BNK1788",
    "BNK1789",
    "BNK1790",
    "BNK1793",
    "BNK1794",
    "BNK1795",
    "BNK1796",
    "BNK1797",
    "BNK1798",
    "BNK1799",
    "BNK1800",
    "BNK1801",
    "BNK1802",
    "BNK1803",
    "BNK1804",
    "BNK1805",
    "BNK1806",
    "BNK1807",
    "BNK1808",
    "BNK1809",
    "BNK1810",
    "BNK1811",
    "BNK1812",
    "BNK1813",
    "BNK1814",
    "BNK1815",
    "BNK1816",
    "BNK1817",
    "BNK1818",
    "BNK1819",
    "BNK1820",
    "BNK1821",
    "BNK1822",
    "BNK1823",
    "BNK1824",
    "BNK1825",
    "BNK1826",
    "BNK1827",
    "BNK1828",
    "BNK1829",
    "BNK1830",
    "BNK1831",
    "BNK1832",
    "BNK1833",
    "BNK1834",
    "BNK1835",
    "BNK1836",
    "BNK1837",
    "BNK1838",
    "BNK1839",
    "BNK1840",
    "BNK1841",
    "BNK1842",
    "BNK1843",
    "BNK1844",
    "BNK1845",
    "BNK1846",
    "BNK1847",
    "BNK1848",
    "BNK1849",
    "BNK1850",
    "BNK1851",
    "BNK1852",
    "BNK1853",
    "BNK1854",
    "BNK1855",
    "BNK1856",
    "BNK1857",
    "BNK1858",
    "BNK1859",
    "BNK1860",
    "BNK1861",
    "BNK1862",
    "BNK1863",
    "BNK1864",
    "BNK1865",
    "BNK1866",
    "BNK1867",
    "BNK1868",
    "BNK1869",
    "BNK1870",
    "BNK1871",
    "BNK1872",
    "BNK1873",
    "BNK1874",
    "BNK1875",
    "BNK1876",
    "BNK1877",
    "BNK1878",
    "BNK1879",
    "BNK1880",
    "BNK1881",
    "BNK1882",
    "BNK1883",
    "BNK1884",
    "BNK1885",
    "BNK1886",
    "BNK1887",
    "BNK1888",
    "BNK1889",
    "BNK1890",
    "BNK1891",
    "BNK1892",
    "BNK1893",
    "BNK1894",
    "BNK1895",
    "BNK1896",
    "BNK1897",
    "BNK1898",
    "BNK1899",
    "BNK1900",
    "BNK1901",
