{
  "time": 8004,
  "resources": {
    "water": {
      "balance": 6943.741258651719,
      "supplied": 26303.74125865174
    },
    "mineral": {
      "balance": 1759.7457884397618,
      "supplied": 5040.7457884397645
    },
    "credits": {
      "balance": 7142.682885099427,
      "supplied": 14942.682885099424
    }
  },
  "effects": [
    "BNK1914",
    "BNK1915",
    "BNK1916",
    "BNK1917",
    "BNK1918",
    "BNK1919",
    "BNK1920",
    "BNK1921",
    "BNK1922",
    "BNK1923",
    "BNK1924",
    "BNK1925",
    "BNK1927",
    "BNK1928",
    "BNK1929",
    "BNK1930",
    "BNK1932",
    "BNK1933",
    "BNK1934",
    "BNK1935",
    "BNK1936",
    "BNK1937",
    "BNK1938",
    "BNK1939",
    "BNK1940",
    "BNK1941",
    "BNK1942",
    "BNK1943",
    "BNK1944",
    "BNK1945",
    "BNK1946",
    "BNK1947",
    "BNK1948",
    "BNK1949",
    "BNK1950",
    "BNK1951",
    "BNK1952",
    "BNK1953",
    "BNK1954",
    "BNK1955",
    "BNK1956",
    "BNK1957",
    "BNK1958",
    "BNK1959",
    "BNK1960",
    "BNK1961",
    "BNK1962",
    "BNK1965",
    "BNK1966",
    "BNK1967",
    "BNK1969",
    "BNK1970",
    "BNK1972",
    "BNK1973",
    "BNK1974",
    "BNK1975",
    "BNK1976",
    "BNK1977",
    "BNK1978",
    "BNK1979",
    "BNK1980",
    "BNK1981",
    "BNK1982",
    "BNK1983",
    "BNK1984",
    "BNK1985",
    "BNK1986",
    "BNK1987",
    "BNK1988",
    "BNK1989"
  ],
  "accounts": [
    "world"
  ],
  "activities": {
    "pending": [],
    "completed": [],
    "rejected": []
  }
}