{
  "time": 10314,
  "resources": {
    "water": {
      "balance": 14739.802448975475,
      "supplied": 57088.80244897533
    },
    "mineral": {
      "balance": 9728.336462571599,
      "supplied": 22082.336462571573
    },
    "credits": {
      "balance": -74631.17474309001,
      "supplied": 86648.82525691054
    }
  },
  "effects": [
    "BNK4",
    "BNK5",
    "BNK7",
    "BNK8",
    "BNK10",
    "BNK15",
    "BNK17",
    "BNK18",
    "BNK19",
    "BNK20",
    "BNK21",
    "BNK22",
    "BNK23",
    "BNK24",
    "BNK25",
    "BNK26",
    "BNK27",
    "BNK28",
    "BNK29",
    "BNK30",
    "BNK31",
    "BNK32",
    "BNK33",
    "BNK34",
    "BNK35",
    "BNK36",
    "BNK37",
    "BNK38",
    "BNK39",
    "BNK40",
    "BNK41",
    "BNK42",
    "BNK43",
    "BNK44",
    "BNK45",
    "BNK46",
    "BNK47",
    "BNK48",
    "BNK49",
    "BNK50",
    "BNK51",
    "BNK52",
    "BNK53",
    "BNK55",
    "BNK57",
    "BNK62",
    "BNK64",
    "BNK66",
    "BNK67",
    "BNK68",
    "BNK69",
    "BNK70",
    "BNK71",
    "BNK72",
    "BNK73",
    "BNK74",
    "BNK75",
    "BNK76",
    "BNK77",
    "BNK78",
    "BNK79",
    "BNK80",
    "BNK81",
    "BNK82",
    "BNK83",
    "BNK84",
    "BNK85",
    "BNK86",
    "BNK87",
    "BNK88",
    "BNK89",
    "BNK90",
    "BNK91",
    "BNK92",
    "BNK93",
    "BNK94",
    "BNK95",
    "BNK96",
    "BNK97",
    "BNK98",
    "BNK99",
    "BNK100",
    "BNK101",
    "BNK102",
    "BNK103",
    "BNK104",
    "BNK105",
    "BNK106",
    "BNK107",
    "BNK108",
    "BNK109",
    "BNK110",
    "BNK111",
    "BNK112",
    "BNK113",
    "BNK114",
    "BNK115",
    "BNK116",
    "BNK117",
    "BNK118",
    "BNK119",
    "BNK120",
    "BNK121",
    "BNK122",
    "BNK123",
    "BNK124",
    "BNK125",
    "BNK126",
    "BNK127",
    "BNK128",
    "BNK129",
    "BNK130",
    "BNK131",
    "BNK132",
    "BNK133",
    "BNK134",
    "BNK135",
    "BNK136",
    "BNK137",
    "BNK138",
    "BNK139",
    "BNK140",
    "BNK141",
    "BNK142",
    "BNK143",
    "BNK144",
    "BNK145",
    "BNK146",
    "BNK147",
    "BNK148",
    "BNK149",
    "BNK150",
    "BNK151",
    "BNK152",
    "BNK153",
    "BNK154",
    "BNK155",
    "BNK156",
    "BNK157",
    "BNK158",
    "BNK159",
    "BNK160",
    "BNK161",
    "BNK162",
    "BNK163",
    "BNK164",
    "BNK165",
    "BNK166",
    "BNK167",
    "BNK168",
    "BNK169",
    "BNK170",
    "BNK171",
    "BNK172",
    "BNK173",
    "BNK176",
    "BNK177",
    "BNK178",
    "BNK180",
    "BNK181",
    "BNK185",
    "BNK186",
    "BNK187",
    "BNK188",
    "BNK189",
    "BNK190",
    "BNK193",
    "BNK197",
    "BNK198",
    "BNK199",
    "BNK200",
    "BNK201",
    "BNK206",
    "BNK208",
    "BNK209",
    "BNK210",
    "BNK211",
    "BNK212",
    "BNK213",
    "BNK214",
    "BNK215",
    "BNK216",
    "BNK217",
    "BNK218",
    "BNK219",
    "BNK220",
    "BNK221",
    "BNK222",
    "BNK223",
    "BNK224",
    "BNK225",
    "BNK226",
    "BNK227",
    "BNK228",
    "BNK229",
    "BNK232",
    "BNK233",
    "BNK234",
    "BNK250",
    "BNK251",
    "BNK252",
    "BNK253",
    "BNK254",
    "BNK255",
    "BNK256",
    "BNK257",
    "BNK258",
    "BNK259",
    "BNK260",
    "BNK261",
    "BNK262",
    "BNK263",
    "BNK264",
    "BNK265",
    "BNK266",
    "BNK267",
    "BNK268",
    "BNK269",
    "BNK270",
    "BNK271",
    "BNK272",
    "BNK273",
    "BNK274",
    "BNK275",
    "BNK276",
    "BNK277",
    "BNK278",
    "BNK279",
    "BNK280",
    "BNK281",
    "BNK282",
    "BNK283",
    "BNK284",
    "BNK285",
    "BNK286",
    "BNK287",
    "BNK288",
    "BNK289",
    "BNK290",
    "BNK291",
    "BNK292",
    "BNK293",
    "BNK294",
    "BNK295",
    "BNK296",
    "BNK297",
    "BNK298",
    "BNK299",
    "BNK300",
    "BNK301",
    "BNK302",
    "BNK303",
    "BNK304",
    "BNK305",
    "BNK306",
    "BNK307",
    "BNK308",
    "BNK309",
    "BNK310",
    "BNK311",
    "BNK312",
    "BNK313",
    "BNK314",
    "BNK315",
    "BNK316",
    "BNK317",
    "BNK318",
    "BNK319",
    "BNK320",
    "BNK321",
    "BNK322",
    "BNK323",
    "BNK324",
    "BNK325",
    "BNK326",
    "BNK327",
    "BNK328",
    "BNK329",
    "BNK330",
    "BNK331",
    "BNK332",
    "BNK333",
    "BNK334",
    "BNK335",
    "BNK336",
    "BNK337",
    "BNK338",
    "BNK339",
    "BNK340",
    "BNK341",
    "BNK342",
    "BNK343",
    "BNK344",
    "BNK345",
    "BNK346",
    "BNK347",
    "BNK348",
    "BNK349",
    "BNK350",
    "BNK351",
    "BNK352",
    "BNK353",
    "BNK354",
    "BNK355",
    "BNK356",
    "BNK357",
    "BNK358",
    "BNK359",
    "BNK360",
    "BNK361",
    "BNK362",
    "BNK363",
    "BNK364",
    "BNK365",
    "BNK366",
    "BNK367",
    "BNK368",
    "BNK369",
    "BNK370",
    "BNK371",
    "BNK372",
    "BNK376",
    "BNK377",
    "BNK378",
    "BNK379",
    "BNK380",
    "BNK381",
    "BNK382",
    "BNK383",
    "BNK384",
    "BNK385",
    "BNK392",
    "BNK396",
    "BNK397",
    "BNK398",
    "BNK399",
    "BNK400",
    "BNK401",
    "BNK402",
    "BNK403",
    "BNK404",
    "BNK405",
    "BNK406",
    "BNK407",
    "BNK408",
    "BNK409",
    "BNK410",
    "BNK411",
    "BNK412",
    "BNK413",
    "BNK414",
    "BNK415",
    "BNK416",
    "BNK417",
    "BNK418",
    "BNK419",
    "BNK420",
    "BNK421",
    "BNK422",
    "BNK423",
    "BNK424",
    "BNK425",
    "BNK426",
    "BNK427",
    "BNK428",
    "BNK429",
    "BNK430",
    "BNK431",
    "BNK432",
    "BNK433",
    "BNK434",
    "BNK435",
    "BNK436",
    "BNK437",
    "BNK438",
    "BNK439",
    "BNK440",
    "BNK441",
    "BNK442",
    "BNK443",
    "BNK444",
    "BNK445",
    "BNK446",
    "BNK447",
    "BNK448",
    "BNK449",
    "BNK450",
    "BNK451",
    "BNK452",
    "BNK453",
    "BNK454",
    "BNK455",
    "BNK456",
    "BNK457",
    "BNK458",
    "BNK459",
    "BNK460",
    "BNK461",
    "BNK462",
    "BNK463",
    "BNK464",
    "BNK465",
    "BNK466",
    "BNK467",
    "BNK468",
    "BNK469",
    "BNK470",
    "BNK471",
    "BNK472",
    "BNK473",
    "BNK474",
    "BNK475",
    "BNK476",
    "BNK477",
    "BNK478",
    "BNK479",
    "BNK480",
    "BNK481",
    "BNK482",
    "BNK483",
    "BNK484",
    "BNK485",
    "BNK486",
    "BNK487",
    "BNK488",
    "BNK489",
    "BNK490",
    "BNK491",
    "BNK492",
    "BNK493",
    "BNK494",
    "BNK495",
    "BNK496",
    "BNK497",
    "BNK498",
    "BNK499",
    "BNK500",
    "BNK501",
    "BNK502",
    "BNK503",
    "BNK504",
    "BNK505",
    "BNK506",
    "BNK507",
    "BNK508",
    "BNK509",
    "BNK510",
    "BNK511",
    "BNK512",
    "BNK513",
    "BNK514",
    "BNK515",
    "BNK516",
    "BNK517",
    "BNK518",
    "BNK519",
    "BNK520",
    "BNK521",
    "BNK522",
    "BNK523",
    "BNK524",
    "BNK525",
    "BNK526",
    "BNK527",
    "BNK528",
    "BNK529",
    "BNK530",
    "BNK531",
    "BNK532",
    "BNK533",
    "BNK534",
    "BNK535",
    "BNK536",
    "BNK537",
    "BNK538",
    "BNK539",
    "BNK540",
    "BNK541",
    "BNK542",
    "BNK543",
    "BNK544",
    "BNK545",
    "BNK546",
    "BNK547",
    "BNK548",
    "BNK549",
    "BNK550",
    "BNK551",
    "BNK552",
    "BNK553",
    "BNK554",
    "BNK555",
    "BNK556",
    "BNK557",
    "BNK558",
    "BNK559",
    "BNK560",
    "BNK561",
    "BNK562",
    "BNK563",
    "BNK564",
    "BNK565",
    "BNK566",
    "BNK567",
    "BNK568",
    "BNK569",
    "BNK570",
    "BNK571",
    "BNK572",
    "BNK573",
    "BNK574",
    "BNK575",
    "BNK576",
    "BNK577",
    "BNK578",
    "BNK579",
    "BNK580",
    "BNK581",
    "BNK582",
    "BNK583",
    "BNK584",
    "BNK585",
    "BNK586",
    "BNK587",
    "BNK588",
    "BNK589",
    "BNK590",
    "BNK591",
    "BNK592",
    "BNK593",
    "BNK594",
    "BNK595",
    "BNK596",
    "BNK597",
    "BNK598",
    "BNK599",
    "BNK600",
    "BNK601",
    "BNK602",
    "BNK603",
    "BNK604",
    "BNK605",
    "BNK606",
    "BNK607",
    "BNK608",
    "BNK609",
    "BNK610",
    "BNK611",
    "BNK612",
    "BNK613",
    "BNK614",
    "BNK615",
