{
  "time": 961,
  "assetIdx": 12,
  "collectIdx": 8,
  "txIdx": 483,
  "resources": {
    "water": {
      "balance": 2747.6810227796736,
      "supplied": 2803.681022779675
    },
    "mineral": {
      "balance": 1066.6286146225602,
      "supplied": 1080.6286146225602
    },
    "credits": {
      "balance": 523.6453832126643,
      "supplied": 0,
      "supply": null
    }
  },
  "bankstones": [
    "BNK0",
    "BNK1",
    "BNK2",
    "BNK3",
    "BNK4",
    "BNK5",
    "BNK6",
    "BNK7",
    "BNK10",
    "BNK11"
  ],
  "accounts": [
    "world"
  ],
  "activities": {
    "pending": [],
    "completed": [
      "TX388",
      "TX389",
      "TX390",
      "TX391",
      "TX392",
      "TX393",
      "TX394",
      "TX395",
      "TX396",
      "TX397",
      "TX398",
      "TX399",
      "TX400",
      "TX401",
      "TX402",
      "TX403",
      "TX404",
      "TX405",
      "TX406",
      "TX407",
      "TX408",
      "TX409",
      "TX410",
      "TX411",
      "TX412",
      "TX413",
      "TX414",
      "TX415",
      "TX416",
      "TX417",
      "TX418",
      "TX419",
      "TX420",
      "TX421",
      "TX422",
      "TX423",
      "TX424",
      "TX425",
      "TX426",
      "TX427",
      "TX428",
      "TX429",
      "TX430",
      "TX431",
      "TX432",
      "TX433",
      "TX434",
      "TX435",
      "TX436",
      "TX437",
      "TX438",
      "TX439",
      "TX440",
      "TX441",
      "TX442",
      "TX443",
      "TX444",
      "TX445",
      "TX446",
      "TX447",
      "TX448",
      "TX449",
      "TX450",
      "TX451",
      "TX452",
      "TX453",
      "TX454",
      "TX455",
      "TX456",
      "TX457",
      "TX458",
      "TX459",
      "TX460",
      "TX461",
      "TX462",
      "CLT6",
      "CLT7",
      "TX463",
      "TX464",
      "TX465",
      "TX466",
      "TX467",
      "TX468",
      "TX469",
      "TX470",
      "TX471",
      "TX472",
      "TX473",
      "TX474",
      "TX475",
      "TX476",
      "TX477",
      "TX478",
      "TX479",
      "TX480",
      "TX481",
      "TX482"
    ],
    "rejected": []
  }
}