{
  "time": 6619,
  "resources": {
    "water": {
      "balance": 11711.982820733172,
      "supplied": 32246.982820733072
    },
    "mineral": {
      "balance": 5866.502341440062,
      "supplied": 11878.502341440066
    },
    "credits": {
      "balance": -12499.131830145334,
      "supplied": 14068.868169854666
    }
  },
  "effects": {
    "pending": [
      "BNK124",
      "BNK86",
      "BNK70",
      "BNK31",
      "BNK106",
      "BNK68",
      "BNK143",
      "BNK128",
      "BNK107",
      "BNK141",
      "BNK125",
      "BNK51",
      "BNK152",
      "BNK14",
      "BNK139",
      "BNK140",
      "BNK144",
      "BNK121",
      "BNK72",
      "BNK48",
      "BNK76",
      "BNK108",
      "BNK62",
      "BNK58",
      "BNK142",
      "BNK73",
      "BNK34",
      "BNK56",
      "BNK126",
      "BNK118",
      "BNK37",
      "BNK64",
      "BNK100",
      "BNK4",
      "BNK53",
      "BNK111",
      "BNK66",
      "BNK67",
      "BNK104",
      "BNK20",
      "BNK3",
      "BNK36",
      "BNK10",
      "BNK55",
      "BNK11",
      "BNK96",
      "BNK145"
    ],
    "completed": [
      "BNK115",
      "BNK6",
      "BNK87",
      "BNK103",
      "BNK57",
      "BNK146",
      "BNK114",
      "BNK119",
      "BNK40",
      "BNK8",
      "BNK5",
      "BNK38",
      "BNK77",
      "BNK120",
      "BNK92",
      "BNK15",
      "BNK13",
      "BNK116",
      "BNK27",
      "BNK9",
      "BNK74",
      "BNK54",
      "BNK130",
      "BNK129",
      "BNK28",
      "BNK60",
      "BNK52",
      "BNK97",
      "BNK71",
      "BNK29",
      "BNK41",
      "BNK151",
      "BNK99",
      "BNK46",
      "BNK102",
      "BNK7",
      "BNK94",
      "BNK89",
      "BNK148",
      "BNK63",
      "BNK101",
      "BNK147",
      "BNK61",
      "BNK59",
      "BNK33",
      "BNK105",
      "BNK133",
      "BNK153",
      "BNK49",
      "BNK69",
      "BNK132",
      "BNK134",
      "BNK138",
      "BNK18",
      "BNK19",
      "BNK137",
      "BNK75",
      "BNK123",
      "BNK39",
      "BNK45",
      "BNK32",
      "BNK43",
      "BNK131",
      "BNK109",
      "BNK149",
      "BNK44",
      "BNK42",
      "BNK136",
      "BNK17",
      "BNK110",
      "BNK90",
      "BNK50",
      "BNK65",
      "BNK30",
      "BNK117",
      "BNK95",
      "BNK91",
      "BNK16",
      "BNK88",
      "BNK12",
      "BNK127",
      "BNK150",
      "BNK122",
      "BNK98"
    ],
    "rejected": []
  },
  "accounts": [
    "worldbank"
  ],
  "activities": {
    "pending": [],
    "completed": [
      "TX3296",
      "TX3297",
      "TX3298",
      "TX3299",
      "TX3300",
      "TX3301"
    ],
    "rejected": []
  }
}