{
  "time": 7900,
  "resources": {
    "water": {
      "balance": 7705.489992881918,
      "supplied": 23661.489992881958
    },
    "mineral": {
      "balance": 1941.6416132435038,
      "supplied": 4347.64161324351
    },
    "credits": {
      "balance": 7131.503359176469,
      "supplied": 12631.50335917647
    }
  },
  "effects": [
    "BNK1914",
    "BNK1915",
    "BNK1916",
    "BNK1917",
    "BNK1918",
    "BNK1919",
    "BNK1920",
    "BNK1921",
    "BNK1922",
    "BNK1923",
    "BNK1924",
    "BNK1925"
  ],
  "accounts": [
    "world"
  ],
  "activities": {
    "pending": [],
    "completed": [
      "CLT89940",
      "CLT89941",
      "CLT89942"
    ],
    "rejected": []
  }
}