{
  "time": 4718,
  "resources": {
    "water": {
      "balance": 815.3006694133528,
      "supplied": 30270.300669413326
    },
    "mineral": {
      "balance": 3335.684854439523,
      "supplied": 10807.684854439522
    },
    "credits": {
      "balance": -31217.751229082285,
      "supplied": 33382.2487709178
    }
  },
  "effects": [
    "BNK4",
    "BNK5",
    "BNK7",
    "BNK8",
    "BNK10",
    "BNK15",
    "BNK17",
    "BNK18",
    "BNK19",
    "BNK20",
    "BNK21",
    "BNK22",
    "BNK23",
    "BNK24",
    "BNK25",
    "BNK26",
    "BNK27",
    "BNK28",
    "BNK29",
    "BNK30",
    "BNK31",
    "BNK32",
    "BNK33",
    "BNK34",
    "BNK35",
    "BNK36",
    "BNK37",
    "BNK38",
    "BNK39",
    "BNK40",
    "BNK41",
    "BNK42",
    "BNK43",
    "BNK44",
    "BNK45",
    "BNK46",
    "BNK47",
    "BNK48",
    "BNK49",
    "BNK50",
    "BNK51",
    "BNK52",
    "BNK53",
    "BNK55",
    "BNK57",
    "BNK62",
    "BNK64",
    "BNK66",
    "BNK67",
    "BNK68",
    "BNK69",
    "BNK70",
    "BNK71",
    "BNK72",
    "BNK73",
    "BNK74",
    "BNK75",
    "BNK76",
    "BNK77",
    "BNK78",
    "BNK79",
    "BNK80",
    "BNK81",
    "BNK82",
    "BNK83",
    "BNK84",
    "BNK85",
    "BNK86",
    "BNK87",
    "BNK88",
    "BNK89",
    "BNK90",
    "BNK91",
    "BNK92",
    "BNK93",
    "BNK94",
    "BNK95",
    "BNK96",
    "BNK97",
    "BNK98",
    "BNK99",
    "BNK100",
    "BNK101",
    "BNK102",
    "BNK103",
    "BNK104",
    "BNK105",
    "BNK106",
    "BNK107",
    "BNK108",
    "BNK109",
    "BNK110",
    "BNK111",
    "BNK112",
    "BNK113",
    "BNK114",
    "BNK115",
    "BNK116",
    "BNK117",
    "BNK118",
    "BNK119",
    "BNK120",
    "BNK121",
    "BNK122",
    "BNK123",
    "BNK124",
    "BNK125",
    "BNK126",
    "BNK127",
    "BNK128",
    "BNK129",
    "BNK130",
    "BNK131",
    "BNK132",
    "BNK133",
    "BNK134",
    "BNK135",
    "BNK136",
    "BNK137",
    "BNK138",
    "BNK139",
    "BNK140",
    "BNK141",
    "BNK142",
    "BNK143",
    "BNK144",
    "BNK145",
    "BNK146",
    "BNK147",
    "BNK148",
    "BNK149",
    "BNK150",
    "BNK151",
    "BNK152",
    "BNK153",
    "BNK154",
    "BNK155",
    "BNK156",
    "BNK157",
    "BNK158",
    "BNK159",
    "BNK160",
    "BNK161",
    "BNK162",
    "BNK163",
    "BNK164",
    "BNK165",
    "BNK166",
    "BNK167",
    "BNK168",
    "BNK169",
    "BNK170",
    "BNK171",
    "BNK172",
    "BNK173",
    "BNK176",
    "BNK177",
    "BNK178",
    "BNK180",
    "BNK181",
    "BNK185",
    "BNK186",
    "BNK187",
    "BNK188",
    "BNK189",
    "BNK190",
    "BNK193",
    "BNK197",
    "BNK198",
    "BNK199",
    "BNK200",
    "BNK201",
    "BNK206",
    "BNK208",
    "BNK209",
    "BNK210",
    "BNK211",
    "BNK212",
    "BNK213",
    "BNK214",
    "BNK215",
    "BNK216",
    "BNK217",
    "BNK218",
    "BNK219",
    "BNK220",
    "BNK221",
    "BNK222",
    "BNK223",
    "BNK224",
    "BNK225",
    "BNK226",
    "BNK227",
    "BNK228",
    "BNK229",
    "BNK232",
    "BNK233",
    "BNK234",
    "BNK250",
    "BNK251",
    "BNK252",
    "BNK253",
    "BNK254",
    "BNK255",
    "BNK256",
    "BNK257",
    "BNK258",
    "BNK259",
    "BNK260",
    "BNK261",
    "BNK262",
    "BNK263",
    "BNK264",
    "BNK265",
    "BNK266",
    "BNK267",
    "BNK268",
    "BNK269",
    "BNK270",
    "BNK271",
    "BNK272",
    "BNK273",
    "BNK274",
    "BNK275",
    "BNK276",
    "BNK277",
    "BNK278",
    "BNK279",
    "BNK280",
    "BNK281",
    "BNK282",
    "BNK283",
    "BNK284",
    "BNK285",
    "BNK286",
    "BNK287",
    "BNK288",
    "BNK289",
    "BNK290",
    "BNK291",
    "BNK292",
    "BNK293",
    "BNK294",
    "BNK295",
    "BNK296",
    "BNK297",
    "BNK298",
    "BNK299",
    "BNK300",
    "BNK301",
    "BNK302",
    "BNK303",
    "BNK304",
    "BNK305",
    "BNK306",
    "BNK307",
    "BNK308",
    "BNK309",
    "BNK310",
    "BNK311",
    "BNK312",
    "BNK313",
    "BNK314",
    "BNK315",
    "BNK316",
    "BNK317",
    "BNK318",
    "BNK319",
    "BNK320",
    "BNK321",
    "BNK322",
    "BNK323",
    "BNK324",
    "BNK325",
    "BNK326",
    "BNK327",
    "BNK328",
    "BNK329",
    "BNK330",
    "BNK331",
    "BNK332",
    "BNK333",
    "BNK334",
    "BNK335",
    "BNK336",
    "BNK337",
    "BNK338",
    "BNK339",
    "BNK340",
    "BNK341",
    "BNK342",
    "BNK343",
    "BNK344",
    "BNK345",
    "BNK346",
    "BNK347",
    "BNK348",
    "BNK349",
    "BNK350",
    "BNK351",
    "BNK352",
    "BNK353",
    "BNK354",
    "BNK355",
    "BNK356",
    "BNK357",
    "BNK358",
    "BNK359",
    "BNK360",
    "BNK361",
    "BNK362",
    "BNK363",
    "BNK364",
    "BNK365",
    "BNK366",
    "BNK367",
    "BNK368",
    "BNK369",
    "BNK370",
    "BNK371",
    "BNK372"
  ],
  "accounts": [
    "worldbank"
  ],
  "activities": {
    "pending": [],
    "completed": [],
    "rejected": []
  }
}