{
  "time": 630,
  "assetIdx": 12,
  "collectIdx": 12,
  "txIdx": 459,
  "listingIdx": 1,
  "resources": {
    "water": {
      "balance": 3513.5597785363366,
      "supplied": 3595.559778536337
    },
    "mineral": {
      "balance": 1417.819405431464,
      "supplied": 1443.819405431464
    },
    "credits": {
      "balance": 281.72786325356526,
      "supplied": 281.72786325356526
    }
  },
  "bankstones": [
    "BNK3",
    "BNK4",
    "BNK5",
    "BNK6",
    "BNK7",
    "BNK8",
    "BNK9",
    "BNK10",
    "BNK11"
  ],
  "accounts": [
    "world"
  ],
  "activities": {
    "pending": [],
    "completed": [
      "TX387",
      "TX388",
      "TX389",
      "TX390",
      "TX391",
      "TX392",
      "TX393",
      "TX394",
      "TX395",
      "TX396",
      "TX397",
      "TX398",
      "TX399",
      "TX400",
      "TX401",
      "TX402",
      "TX403",
      "TX404",
      "TX405",
      "TX406",
      "TX407",
      "TX408",
      "TX409",
      "TX410",
      "TX411",
      "TX412",
      "TX413",
      "TX414",
      "TX415",
      "TX416",
      "TX417",
      "TX418",
      "TX419",
      "TX420",
      "TX421",
      "TX422",
      "TX423",
      "TX424",
      "TX425",
      "TX426",
      "TX427",
      "TX428",
      "TX429",
      "TX430",
      "TX431",
      "TX432",
      "TX433",
      "TX434",
      "TX435",
      "TX436",
      "TX437",
      "TX438",
      "TX439",
      "TX440",
      "TX242",
      "TX441",
      "TX442",
      "TX443",
      "TX444",
      "TX445",
      "TX446",
      "TX447",
      "TX448",
      "TX449",
      "TX450",
      "TX451",
      "TX452",
      "TX453",
      "TX454",
      "TX455",
      "TX456",
      "TX457",
      "TX458"
    ],
    "rejected": []
  }
}